,Item Recomendado,Similaridade Cosseno
1,A Batalha Dos Livros,0.7178664207458496
2,A maldição de Stalin,0.7050192356109619
3,Tornando-se Hitler,0.7045598030090332
4,De volta do inferno,0.698115885257721
5,Morangos mofados,0.6960902810096741
6,A Segunda Guerra Mundial,0.6895705461502075
