,Item Recomendado,Similaridade Cosseno
1,21 lições para o século 21,0.7340841889381409
2,A curva do sonho,0.690204381942749
3,Homo biologicus,0.688248872756958
4,Para onde foi o futuro?,0.6864182949066162
5,Evolução,0.6860744953155518
6,História do futuro,0.6770304441452026
